{
  "data_stats": {
    "n_users": 6040,
    "n_items": 3706,
    "n_interactions": 1000209,
    "n_train_remaining": 800193,
    "n_test": 200016,
    "avg_seq_len": 165.6,
    "avg_test_len": 33.12,
    "test_frac": 0.2,
    "max_len": 200
  },
  "BERT (short-term)": {
    "DCG@5": 4.725473005768386,
    "NDCG@5": 0.057039419021619284,
    "Recall@5": 0.018297691437688387,
    "DCG@10": 6.837860800173844,
    "NDCG@10": 0.0613108446727333,
    "Recall@10": 0.034828020072473265,
    "DCG@20": 9.919828775907838,
    "NDCG@20": 0.07386044563338325,
    "Recall@20": 0.06560654266108948,
    "ILD@10": 0.666038394083075,
    "Coverage@10": 0.013491635186184566,
    "Novelty@10": 8.426534283695249
  },
  "BERT + AC rerank (+features, diversity)": {
    "DCG@5": 4.750457186492321,
    "NDCG@5": 0.05725249239822078,
    "Recall@5": 0.018302990443062182,
    "DCG@10": 6.857067251747831,
    "NDCG@10": 0.06147773314184343,
    "Recall@10": 0.03497430050634435,
    "DCG@20": 9.930293236624154,
    "NDCG@20": 0.07389665117618766,
    "Recall@20": 0.06562157088585194,
    "ILD@10": 0.6699587287369503,
    "Coverage@10": 0.013491635186184566,
    "Novelty@10": 8.428139750016767
  }
}