{
  "DCG@5": 2.7358765769591313,
  "NDCG@5": 0.033440891929497694,
  "Recall@5": 0.011559793502951382,
  "DCG@10": 3.9998243473412214,
  "NDCG@10": 0.036677188071689605,
  "Recall@10": 0.022003764976911925,
  "DCG@20": 6.30178365826356,
  "NDCG@20": 0.04895766477125622,
  "Recall@20": 0.04764017065765571
}