{
  "data_stats": {
    "n_users": 6040,
    "n_items": 3706,
    "n_interactions": 1000209,
    "n_train_remaining": 800193,
    "n_test": 200016,
    "avg_seq_len": 165.6,
    "avg_test_len": 33.12,
    "test_frac": 0.2,
    "max_len": 200
  },
  "BERT (short-term)": {
    "DCG@5": 2.7358765769591313,
    "NDCG@5": 0.033440891929497694,
    "Recall@5": 0.011559793502951382,
    "DCG@10": 3.9998243473412214,
    "NDCG@10": 0.036677188071689605,
    "Recall@10": 0.022003764976911925,
    "DCG@20": 6.30178365826356,
    "NDCG@20": 0.04895766477125622,
    "Recall@20": 0.04764017065765571
  },
  "BERT + Actor-Critic (long-term)": {
    "DCG@5": 2.7358765769591313,
    "NDCG@5": 0.033440891929497694,
    "Recall@5": 0.011559793502951382,
    "DCG@10": 3.9998243473412214,
    "NDCG@10": 0.036677188071689605,
    "Recall@10": 0.022003764976911925,
    "DCG@20": 6.30178365826356,
    "NDCG@20": 0.04895766477125622,
    "Recall@20": 0.04764017065765571
  }
}