{
  "BERT (short-term)": {
    "DCG@5": 4.725473005768386,
    "NDCG@5": 0.057039419021619284,
    "Recall@5": 0.018297691437688387,
    "DCG@10": 6.837860800173844,
    "NDCG@10": 0.0613108446727333,
    "Recall@10": 0.034828020072473265,
    "DCG@20": 9.919828775907838,
    "NDCG@20": 0.07386044563338325,
    "Recall@20": 0.06560654266108948,
    "ILD@10": 0.666038394083075,
    "Coverage@10": 0.013491635186184566,
    "Novelty@10": 8.426534283695249
  },
  "BERT4Rec (long-term)": {
    "DCG@5": 4.760961093464872,
    "NDCG@5": 0.059716484611303314,
    "Recall@5": 0.022540322110090903,
    "DCG@10": 6.905853431325901,
    "NDCG@10": 0.06417430131927616,
    "Recall@10": 0.03838860997744149,
    "DCG@20": 9.728006356120996,
    "NDCG@20": 0.07449658636188423,
    "Recall@20": 0.06624700183151482,
    "ILD@10": 0.697185254651365,
    "Coverage@10": 0.013761467889908258,
    "Novelty@10": 8.518486017093764
  },
  "BERT+AC (on short)": {
    "DCG@5": 4.750457186492321,
    "NDCG@5": 0.05725249239822078,
    "Recall@5": 0.018302990443062182,
    "DCG@10": 6.857067251747831,
    "NDCG@10": 0.06147773314184343,
    "Recall@10": 0.03497430050634435,
    "DCG@20": 9.930293236624154,
    "NDCG@20": 0.07389665117618766,
    "Recall@20": 0.06562157088585194,
    "ILD@10": 0.6699587287369503,
    "Coverage@10": 0.013491635186184566,
    "Novelty@10": 8.428139750016767
  },
  "BERT-LT+AC (on long-term)": {
    "DCG@5": 4.763384471222078,
    "NDCG@5": 0.05975301604759002,
    "Recall@5": 0.02257267168196862,
    "DCG@10": 6.907276958004723,
    "NDCG@10": 0.0641860287713288,
    "Recall@10": 0.03838232996786413,
    "DCG@20": 9.730098341058863,
    "NDCG@20": 0.07450138732785587,
    "Recall@20": 0.06622410413883438,
    "ILD@10": 0.697293111286767,
    "Coverage@10": 0.013761467889908258,
    "Novelty@10": 8.518342720929658
  }
}