{
  "data_stats": {
    "n_users": 6040,
    "n_items": 3706,
    "n_interactions": 1000209,
    "n_train_remaining": 800193,
    "n_test": 200016,
    "avg_seq_len": 165.6,
    "avg_test_len": 33.12,
    "test_frac": 0.2,
    "max_len": 200
  },
  "BERT (best)": {
    "DCG@5": 2.8330171268604607,
    "NDCG@5": 0.0344728411532718,
    "Recall@5": 0.011953588171009019,
    "DCG@10": 4.036170613103003,
    "NDCG@10": 0.03694276721597422,
    "Recall@10": 0.022047979062496392,
    "DCG@20": 6.280021939702242,
    "NDCG@20": 0.048731478363197855,
    "Recall@20": 0.0473534095949075
  },
  "BERT+RL re-rank (best)": {
    "DCG@5": 2.8330171268604607,
    "NDCG@5": 0.0344728411532718,
    "Recall@5": 0.011953588171009019,
    "DCG@10": 4.036242309532416,
    "NDCG@10": 0.036943706370209134,
    "Recall@10": 0.022047979062496392,
    "DCG@20": 6.280016952042685,
    "NDCG@20": 0.04873157583400964,
    "Recall@20": 0.0473534095949075
  }
}