{
  "data_stats": {
    "n_users": 6040,
    "n_items": 3706,
    "n_interactions": 1000209,
    "n_train_remaining": 800193,
    "n_test": 200016,
    "avg_seq_len": 165.6,
    "avg_test_len": 33.12,
    "test_frac": 0.2,
    "max_len": 200
  },
  "BERT (retrained)": {
    "NDCG@5": 0.0344728411532718,
    "Recall@5": 0.011953588171009019,
    "NDCG@10": 0.03694276721597422,
    "Recall@10": 0.022047979062496392,
    "NDCG@20": 0.048731478363197855,
    "Recall@20": 0.0473534095949075,
    "MeanRating@10": 1.2210292494481236
  },
  "BERT + RL re-rank": {
    "NDCG@5": 0.03254266241381614,
    "Recall@5": 0.010966866385400552,
    "NDCG@10": 0.034779794178259583,
    "Recall@10": 0.021705973942707908,
    "NDCG@20": 0.04334732906347343,
    "Recall@20": 0.04179636901453577,
    "MeanRating@10": 1.1939679911699779
  }
}